Auction Link,Time Left,Price,Location,Postal Code,Perperty Value,Low Range,High Range,Confidence
https://www.iamsold.co.uk/properties/00430bf353cd4ac2a9dffc79c625b31f.html,No information available for time.,"£90,000.00","6 Strawberry Gardens, Wallsend",NE28 8BA,Not known,None,None,None
https://www.iamsold.co.uk/properties/00430bf353cd4ac2a9dffc79c625b31f.html,No information available for time.,"£90,000.00","6 Strawberry Gardens, Wallsend",NE28 8BA,"£80,000"," £77,000 "," £83,000",97%
https://www.iamsold.co.uk/properties/00430bf353cd4ac2a9dffc79c625b31f.html,No information available for time.,"£90,000.00","6 Strawberry Gardens, Wallsend",NE28 8BA,Not known,None,None,None
https://www.iamsold.co.uk/properties/00430bf353cd4ac2a9dffc79c625b31f.html,No information available for time.,"£90,000.00","6 Strawberry Gardens, Wallsend",NE28 8BA,"£75,000"," £71,000 "," £79,000",90%
https://www.iamsold.co.uk/properties/00430bf353cd4ac2a9dffc79c625b31f.html,No information available for time.,"£90,000.00","6 Strawberry Gardens, Wallsend",NE28 8BA,Not known,None,None,None
https://www.iamsold.co.uk/properties/00430bf353cd4ac2a9dffc79c625b31f.html,No information available for time.,"£90,000.00","6 Strawberry Gardens, Wallsend",NE28 8BA,"£112,000"," £104,000 "," £120,000",75%
https://www.iamsold.co.uk/properties/00430bf353cd4ac2a9dffc79c625b31f.html,No information available for time.,"£90,000.00","6 Strawberry Gardens, Wallsend",NE28 8BA,"£124,000"," £115,000 "," £133,000",74%
https://www.iamsold.co.uk/properties/00430bf353cd4ac2a9dffc79c625b31f.html,No information available for time.,"£90,000.00","6 Strawberry Gardens, Wallsend",NE28 8BA,"£93,000"," £83,000 "," £103,000",64%
https://www.iamsold.co.uk/properties/00430bf353cd4ac2a9dffc79c625b31f.html,No information available for time.,"£90,000.00","6 Strawberry Gardens, Wallsend",NE28 8BA,"£125,000"," £116,000 "," £135,000",74%
https://www.iamsold.co.uk/properties/00430bf353cd4ac2a9dffc79c625b31f.html,No information available for time.,"£90,000.00","6 Strawberry Gardens, Wallsend",NE28 8BA,"£94,000"," £84,000 "," £103,000",65%
https://www.iamsold.co.uk/properties/00430bf353cd4ac2a9dffc79c625b31f.html,No information available for time.,"£90,000.00","6 Strawberry Gardens, Wallsend",NE28 8BA,"£107,000"," £94,000 "," £119,000",60%
https://www.iamsold.co.uk/properties/00430bf353cd4ac2a9dffc79c625b31f.html,No information available for time.,"£90,000.00","6 Strawberry Gardens, Wallsend",NE28 8BA,"£125,000"," £119,000 "," £130,000",93%
https://www.iamsold.co.uk/properties/00430bf353cd4ac2a9dffc79c625b31f.html,No information available for time.,"£90,000.00","6 Strawberry Gardens, Wallsend",NE28 8BA,"£108,000"," £96,000 "," £120,000",62%
https://www.iamsold.co.uk/properties/00430bf353cd4ac2a9dffc79c625b31f.html,No information available for time.,"£90,000.00","6 Strawberry Gardens, Wallsend",NE28 8BA,"£107,000"," £95,000 "," £119,000",63%
https://www.iamsold.co.uk/properties/00430bf353cd4ac2a9dffc79c625b31f.html,No information available for time.,"£90,000.00","6 Strawberry Gardens, Wallsend",NE28 8BA,"£125,000"," £116,000 "," £135,000",74%
https://www.iamsold.co.uk/properties/00430bf353cd4ac2a9dffc79c625b31f.html,No information available for time.,"£90,000.00","6 Strawberry Gardens, Wallsend",NE28 8BA,"£96,000"," £85,000 "," £106,000",63%
https://www.iamsold.co.uk/properties/00430bf353cd4ac2a9dffc79c625b31f.html,No information available for time.,"£90,000.00","6 Strawberry Gardens, Wallsend",NE28 8BA,"£121,000"," £111,000 "," £130,000",72%
https://www.iamsold.co.uk/properties/00430bf353cd4ac2a9dffc79c625b31f.html,No information available for time.,"£90,000.00","6 Strawberry Gardens, Wallsend",NE28 8BA,"£121,000"," £111,000 "," £131,000",72%
https://www.iamsold.co.uk/properties/00430bf353cd4ac2a9dffc79c625b31f.html,No information available for time.,"£90,000.00","6 Strawberry Gardens, Wallsend",NE28 8BA,"£106,000"," £98,000 "," £113,000",83%
https://www.iamsold.co.uk/properties/00430bf353cd4ac2a9dffc79c625b31f.html,No information available for time.,"£90,000.00","6 Strawberry Gardens, Wallsend",NE28 8BA,"£94,000"," £85,000 "," £104,000",65%
https://www.iamsold.co.uk/properties/02916c8d10db4b58805ae0089f087196.html,No information available for time.,"£175,000.00","Front Street, Bishop Auckland",DL13 5DS,"£78,000",None,None,None
https://www.iamsold.co.uk/properties/02916c8d10db4b58805ae0089f087196.html,No information available for time.,"£175,000.00","Front Street, Bishop Auckland",DL13 5DS,"£195,000"," £77,000 "," £83,000",97%
https://www.iamsold.co.uk/properties/02916c8d10db4b58805ae0089f087196.html,No information available for time.,"£175,000.00","Front Street, Bishop Auckland",DL13 5DS,"£128,000",None,None,None
https://www.iamsold.co.uk/properties/02916c8d10db4b58805ae0089f087196.html,No information available for time.,"£175,000.00","Front Street, Bishop Auckland",DL13 5DS,"£158,000"," £71,000 "," £79,000",90%
https://www.iamsold.co.uk/properties/02916c8d10db4b58805ae0089f087196.html,No information available for time.,"£175,000.00","Front Street, Bishop Auckland",DL13 5DS,"£102,000",None,None,None
https://www.iamsold.co.uk/properties/02916c8d10db4b58805ae0089f087196.html,No information available for time.,"£175,000.00","Front Street, Bishop Auckland",DL13 5DS,"£51,000"," £104,000 "," £120,000",75%
https://www.iamsold.co.uk/properties/02916c8d10db4b58805ae0089f087196.html,No information available for time.,"£175,000.00","Front Street, Bishop Auckland",DL13 5DS,"£90,000"," £115,000 "," £133,000",74%
https://www.iamsold.co.uk/properties/02916c8d10db4b58805ae0089f087196.html,No information available for time.,"£175,000.00","Front Street, Bishop Auckland",DL13 5DS,"£47,000"," £83,000 "," £103,000",64%
https://www.iamsold.co.uk/properties/02916c8d10db4b58805ae0089f087196.html,No information available for time.,"£175,000.00","Front Street, Bishop Auckland",DL13 5DS,"£96,000"," £116,000 "," £135,000",74%
https://www.iamsold.co.uk/properties/02916c8d10db4b58805ae0089f087196.html,No information available for time.,"£175,000.00","Front Street, Bishop Auckland",DL13 5DS,"£114,000"," £84,000 "," £103,000",65%
https://www.iamsold.co.uk/properties/02916c8d10db4b58805ae0089f087196.html,No information available for time.,"£175,000.00","Front Street, Bishop Auckland",DL13 5DS,"£307,000"," £94,000 "," £119,000",60%
https://www.iamsold.co.uk/properties/02916c8d10db4b58805ae0089f087196.html,No information available for time.,"£175,000.00","Front Street, Bishop Auckland",DL13 5DS,"£102,000"," £119,000 "," £130,000",93%
https://www.iamsold.co.uk/properties/02916c8d10db4b58805ae0089f087196.html,No information available for time.,"£175,000.00","Front Street, Bishop Auckland",DL13 5DS,"£139,000"," £96,000 "," £120,000",62%
https://www.iamsold.co.uk/properties/02916c8d10db4b58805ae0089f087196.html,No information available for time.,"£175,000.00","Front Street, Bishop Auckland",DL13 5DS,"£156,000"," £95,000 "," £119,000",63%
https://www.iamsold.co.uk/properties/02916c8d10db4b58805ae0089f087196.html,No information available for time.,"£175,000.00","Front Street, Bishop Auckland",DL13 5DS,"£207,000"," £116,000 "," £135,000",74%
https://www.iamsold.co.uk/properties/02916c8d10db4b58805ae0089f087196.html,No information available for time.,"£175,000.00","Front Street, Bishop Auckland",DL13 5DS,"£292,000"," £85,000 "," £106,000",63%
https://www.iamsold.co.uk/properties/02916c8d10db4b58805ae0089f087196.html,No information available for time.,"£175,000.00","Front Street, Bishop Auckland",DL13 5DS,"£89,000"," £111,000 "," £130,000",72%
https://www.iamsold.co.uk/properties/02916c8d10db4b58805ae0089f087196.html,No information available for time.,"£175,000.00","Front Street, Bishop Auckland",DL13 5DS,Not known," £111,000 "," £131,000",72%
https://www.iamsold.co.uk/properties/02916c8d10db4b58805ae0089f087196.html,No information available for time.,"£175,000.00","Front Street, Bishop Auckland",DL13 5DS,"£169,000"," £98,000 "," £113,000",83%
https://www.iamsold.co.uk/properties/02916c8d10db4b58805ae0089f087196.html,No information available for time.,"£175,000.00","Front Street, Bishop Auckland",DL13 5DS,"£93,000"," £85,000 "," £104,000",65%
https://www.iamsold.co.uk/properties/02916c8d10db4b58805ae0089f087196.html,No information available for time.,"£175,000.00","Front Street, Bishop Auckland",DL13 5DS,"£182,000"," £76,000 "," £80,000",99%
https://www.iamsold.co.uk/properties/02916c8d10db4b58805ae0089f087196.html,No information available for time.,"£175,000.00","Front Street, Bishop Auckland",DL13 5DS,"£196,000"," £188,000 "," £202,000",87%
https://www.iamsold.co.uk/properties/02916c8d10db4b58805ae0089f087196.html,No information available for time.,"£175,000.00","Front Street, Bishop Auckland",DL13 5DS,"£237,000"," £121,000 "," £135,000",74%
https://www.iamsold.co.uk/properties/02916c8d10db4b58805ae0089f087196.html,No information available for time.,"£175,000.00","Front Street, Bishop Auckland",DL13 5DS,"£220,000"," £146,000 "," £170,000",46%
https://www.iamsold.co.uk/properties/02916c8d10db4b58805ae0089f087196.html,No information available for time.,"£175,000.00","Front Street, Bishop Auckland",DL13 5DS,"£180,000"," £96,000 "," £108,000",53%
https://www.iamsold.co.uk/properties/02916c8d10db4b58805ae0089f087196.html,No information available for time.,"£175,000.00","Front Street, Bishop Auckland",DL13 5DS,"£220,000"," £47,000 "," £54,000",66%
https://www.iamsold.co.uk/properties/02916c8d10db4b58805ae0089f087196.html,No information available for time.,"£175,000.00","Front Street, Bishop Auckland",DL13 5DS,"£194,000"," £83,000 "," £96,000",63%
https://www.iamsold.co.uk/properties/05749e83aeab40b8930b97bd7dd2a5b4.html,No information available for time.,"£70,000.00","Pinedale Drive, Durham",DH6 2XG,"£94,000",None,None,None
https://www.iamsold.co.uk/properties/05749e83aeab40b8930b97bd7dd2a5b4.html,No information available for time.,"£70,000.00","Pinedale Drive, Durham",DH6 2XG,Not known," £77,000 "," £83,000",97%
https://www.iamsold.co.uk/properties/05749e83aeab40b8930b97bd7dd2a5b4.html,No information available for time.,"£70,000.00","Pinedale Drive, Durham",DH6 2XG,"£92,000",None,None,None
https://www.iamsold.co.uk/properties/05749e83aeab40b8930b97bd7dd2a5b4.html,No information available for time.,"£70,000.00","Pinedale Drive, Durham",DH6 2XG,"£96,000"," £71,000 "," £79,000",90%
https://www.iamsold.co.uk/properties/05749e83aeab40b8930b97bd7dd2a5b4.html,No information available for time.,"£70,000.00","Pinedale Drive, Durham",DH6 2XG,"£89,000",None,None,None
https://www.iamsold.co.uk/properties/05749e83aeab40b8930b97bd7dd2a5b4.html,No information available for time.,"£70,000.00","Pinedale Drive, Durham",DH6 2XG,"£107,000"," £104,000 "," £120,000",75%
https://www.iamsold.co.uk/properties/05749e83aeab40b8930b97bd7dd2a5b4.html,No information available for time.,"£70,000.00","Pinedale Drive, Durham",DH6 2XG,"£98,000"," £115,000 "," £133,000",74%
https://www.iamsold.co.uk/properties/05749e83aeab40b8930b97bd7dd2a5b4.html,No information available for time.,"£70,000.00","Pinedale Drive, Durham",DH6 2XG,"£107,000"," £83,000 "," £103,000",64%
https://www.iamsold.co.uk/properties/05749e83aeab40b8930b97bd7dd2a5b4.html,No information available for time.,"£70,000.00","Pinedale Drive, Durham",DH6 2XG,"£108,000"," £116,000 "," £135,000",74%
https://www.iamsold.co.uk/properties/05749e83aeab40b8930b97bd7dd2a5b4.html,No information available for time.,"£70,000.00","Pinedale Drive, Durham",DH6 2XG,"£100,000"," £84,000 "," £103,000",65%
https://www.iamsold.co.uk/properties/05749e83aeab40b8930b97bd7dd2a5b4.html,No information available for time.,"£70,000.00","Pinedale Drive, Durham",DH6 2XG,Not known," £94,000 "," £119,000",60%
https://www.iamsold.co.uk/properties/05749e83aeab40b8930b97bd7dd2a5b4.html,No information available for time.,"£70,000.00","Pinedale Drive, Durham",DH6 2XG,"£102,000"," £119,000 "," £130,000",93%
https://www.iamsold.co.uk/properties/05749e83aeab40b8930b97bd7dd2a5b4.html,No information available for time.,"£70,000.00","Pinedale Drive, Durham",DH6 2XG,"£108,000"," £96,000 "," £120,000",62%
https://www.iamsold.co.uk/properties/05749e83aeab40b8930b97bd7dd2a5b4.html,No information available for time.,"£70,000.00","Pinedale Drive, Durham",DH6 2XG,"£116,000"," £95,000 "," £119,000",63%
https://www.iamsold.co.uk/properties/05749e83aeab40b8930b97bd7dd2a5b4.html,No information available for time.,"£70,000.00","Pinedale Drive, Durham",DH6 2XG,"£95,000"," £116,000 "," £135,000",74%
https://www.iamsold.co.uk/properties/05749e83aeab40b8930b97bd7dd2a5b4.html,No information available for time.,"£70,000.00","Pinedale Drive, Durham",DH6 2XG,"£94,000"," £85,000 "," £106,000",63%
https://www.iamsold.co.uk/properties/05749e83aeab40b8930b97bd7dd2a5b4.html,No information available for time.,"£70,000.00","Pinedale Drive, Durham",DH6 2XG,"£86,000"," £111,000 "," £130,000",72%
https://www.iamsold.co.uk/properties/05749e83aeab40b8930b97bd7dd2a5b4.html,No information available for time.,"£70,000.00","Pinedale Drive, Durham",DH6 2XG,"£89,000"," £111,000 "," £131,000",72%
https://www.iamsold.co.uk/properties/05749e83aeab40b8930b97bd7dd2a5b4.html,No information available for time.,"£70,000.00","Pinedale Drive, Durham",DH6 2XG,"£93,000"," £98,000 "," £113,000",83%
https://www.iamsold.co.uk/properties/05749e83aeab40b8930b97bd7dd2a5b4.html,No information available for time.,"£70,000.00","Pinedale Drive, Durham",DH6 2XG,"£102,000"," £85,000 "," £104,000",65%
https://www.iamsold.co.uk/properties/05749e83aeab40b8930b97bd7dd2a5b4.html,No information available for time.,"£70,000.00","Pinedale Drive, Durham",DH6 2XG,"£91,000"," £76,000 "," £80,000",99%
https://www.iamsold.co.uk/properties/05749e83aeab40b8930b97bd7dd2a5b4.html,No information available for time.,"£70,000.00","Pinedale Drive, Durham",DH6 2XG,"£114,000"," £188,000 "," £202,000",87%
https://www.iamsold.co.uk/properties/05749e83aeab40b8930b97bd7dd2a5b4.html,No information available for time.,"£70,000.00","Pinedale Drive, Durham",DH6 2XG,Not known," £121,000 "," £135,000",74%
https://www.iamsold.co.uk/properties/05749e83aeab40b8930b97bd7dd2a5b4.html,No information available for time.,"£70,000.00","Pinedale Drive, Durham",DH6 2XG,"£142,000"," £146,000 "," £170,000",46%
https://www.iamsold.co.uk/properties/05749e83aeab40b8930b97bd7dd2a5b4.html,No information available for time.,"£70,000.00","Pinedale Drive, Durham",DH6 2XG,"£95,000"," £96,000 "," £108,000",53%
https://www.iamsold.co.uk/properties/05749e83aeab40b8930b97bd7dd2a5b4.html,No information available for time.,"£70,000.00","Pinedale Drive, Durham",DH6 2XG,"£90,000"," £47,000 "," £54,000",66%
https://www.iamsold.co.uk/properties/05749e83aeab40b8930b97bd7dd2a5b4.html,No information available for time.,"£70,000.00","Pinedale Drive, Durham",DH6 2XG,Not known," £83,000 "," £96,000",63%
https://www.iamsold.co.uk/properties/05749e83aeab40b8930b97bd7dd2a5b4.html,No information available for time.,"£70,000.00","Pinedale Drive, Durham",DH6 2XG,"£103,000"," £46,000 "," £48,000",89%
https://www.iamsold.co.uk/properties/05749e83aeab40b8930b97bd7dd2a5b4.html,No information available for time.,"£70,000.00","Pinedale Drive, Durham",DH6 2XG,"£111,000"," £87,000 "," £106,000",55%
https://www.iamsold.co.uk/properties/05749e83aeab40b8930b97bd7dd2a5b4.html,No information available for time.,"£70,000.00","Pinedale Drive, Durham",DH6 2XG,"£130,000"," £107,000 "," £121,000",52%
https://www.iamsold.co.uk/properties/05749e83aeab40b8930b97bd7dd2a5b4.html,No information available for time.,"£70,000.00","Pinedale Drive, Durham",DH6 2XG,Not known," £265,000 "," £349,000",63%
https://www.iamsold.co.uk/properties/05749e83aeab40b8930b97bd7dd2a5b4.html,No information available for time.,"£70,000.00","Pinedale Drive, Durham",DH6 2XG,"£149,000"," £90,000 "," £113,000",38%
https://www.iamsold.co.uk/properties/05749e83aeab40b8930b97bd7dd2a5b4.html,No information available for time.,"£70,000.00","Pinedale Drive, Durham",DH6 2XG,"£96,000"," £130,000 "," £148,000",67%
https://www.iamsold.co.uk/properties/05749e83aeab40b8930b97bd7dd2a5b4.html,No information available for time.,"£70,000.00","Pinedale Drive, Durham",DH6 2XG,"£118,000"," £145,000 "," £168,000",47%
https://www.iamsold.co.uk/properties/05749e83aeab40b8930b97bd7dd2a5b4.html,No information available for time.,"£70,000.00","Pinedale Drive, Durham",DH6 2XG,Not known," £194,000 "," £220,000",71%
https://www.iamsold.co.uk/properties/05749e83aeab40b8930b97bd7dd2a5b4.html,No information available for time.,"£70,000.00","Pinedale Drive, Durham",DH6 2XG,"£93,000"," £267,000 "," £317,000",76%
https://www.iamsold.co.uk/properties/05749e83aeab40b8930b97bd7dd2a5b4.html,No information available for time.,"£70,000.00","Pinedale Drive, Durham",DH6 2XG,"£112,000"," £83,000 "," £96,000",63%
https://www.iamsold.co.uk/properties/05749e83aeab40b8930b97bd7dd2a5b4.html,No information available for time.,"£70,000.00","Pinedale Drive, Durham",DH6 2XG,Not known,None,None,None
https://www.iamsold.co.uk/properties/05749e83aeab40b8930b97bd7dd2a5b4.html,No information available for time.,"£70,000.00","Pinedale Drive, Durham",DH6 2XG,"£118,000"," £152,000 "," £186,000",72%
https://www.iamsold.co.uk/properties/05749e83aeab40b8930b97bd7dd2a5b4.html,No information available for time.,"£70,000.00","Pinedale Drive, Durham",DH6 2XG,"£82,000"," £87,000 "," £99,000",50%
https://www.iamsold.co.uk/properties/13cf78d71dd94112b651e1a10b56eae2.html,No information available for time.,"£27,000.00","Langley Avenue, Stockton-on-tees",TS17 7HG,"£45,000",None,None,None
https://www.iamsold.co.uk/properties/13cf78d71dd94112b651e1a10b56eae2.html,No information available for time.,"£27,000.00","Langley Avenue, Stockton-on-tees",TS17 7HG,"£50,000"," £77,000 "," £83,000",97%
https://www.iamsold.co.uk/properties/13cf78d71dd94112b651e1a10b56eae2.html,No information available for time.,"£27,000.00","Langley Avenue, Stockton-on-tees",TS17 7HG,"£61,000",None,None,None
https://www.iamsold.co.uk/properties/13cf78d71dd94112b651e1a10b56eae2.html,No information available for time.,"£27,000.00","Langley Avenue, Stockton-on-tees",TS17 7HG,"£60,000"," £71,000 "," £79,000",90%
https://www.iamsold.co.uk/properties/13cf78d71dd94112b651e1a10b56eae2.html,No information available for time.,"£27,000.00","Langley Avenue, Stockton-on-tees",TS17 7HG,"£47,000",None,None,None
https://www.iamsold.co.uk/properties/13cf78d71dd94112b651e1a10b56eae2.html,No information available for time.,"£27,000.00","Langley Avenue, Stockton-on-tees",TS17 7HG,"£69,000"," £104,000 "," £120,000",75%
https://www.iamsold.co.uk/properties/13cf78d71dd94112b651e1a10b56eae2.html,No information available for time.,"£27,000.00","Langley Avenue, Stockton-on-tees",TS17 7HG,"£60,000"," £115,000 "," £133,000",74%
https://www.iamsold.co.uk/properties/13cf78d71dd94112b651e1a10b56eae2.html,No information available for time.,"£27,000.00","Langley Avenue, Stockton-on-tees",TS17 7HG,"£61,000"," £83,000 "," £103,000",64%
https://www.iamsold.co.uk/properties/13cf78d71dd94112b651e1a10b56eae2.html,No information available for time.,"£27,000.00","Langley Avenue, Stockton-on-tees",TS17 7HG,"£60,000"," £116,000 "," £135,000",74%
https://www.iamsold.co.uk/properties/13cf78d71dd94112b651e1a10b56eae2.html,No information available for time.,"£27,000.00","Langley Avenue, Stockton-on-tees",TS17 7HG,Not known," £84,000 "," £103,000",65%
https://www.iamsold.co.uk/properties/13cf78d71dd94112b651e1a10b56eae2.html,No information available for time.,"£27,000.00","Langley Avenue, Stockton-on-tees",TS17 7HG,"£62,000"," £94,000 "," £119,000",60%
https://www.iamsold.co.uk/properties/13cf78d71dd94112b651e1a10b56eae2.html,No information available for time.,"£27,000.00","Langley Avenue, Stockton-on-tees",TS17 7HG,"£39,000"," £119,000 "," £130,000",93%
https://www.iamsold.co.uk/properties/13cf78d71dd94112b651e1a10b56eae2.html,No information available for time.,"£27,000.00","Langley Avenue, Stockton-on-tees",TS17 7HG,"£46,000"," £96,000 "," £120,000",62%
https://www.iamsold.co.uk/properties/13cf78d71dd94112b651e1a10b56eae2.html,No information available for time.,"£27,000.00","Langley Avenue, Stockton-on-tees",TS17 7HG,"£60,000"," £95,000 "," £119,000",63%
https://www.iamsold.co.uk/properties/13cf78d71dd94112b651e1a10b56eae2.html,No information available for time.,"£27,000.00","Langley Avenue, Stockton-on-tees",TS17 7HG,"£58,000"," £116,000 "," £135,000",74%
https://www.iamsold.co.uk/properties/13cf78d71dd94112b651e1a10b56eae2.html,No information available for time.,"£27,000.00","Langley Avenue, Stockton-on-tees",TS17 7HG,"£58,000"," £85,000 "," £106,000",63%
https://www.iamsold.co.uk/properties/13cf78d71dd94112b651e1a10b56eae2.html,No information available for time.,"£27,000.00","Langley Avenue, Stockton-on-tees",TS17 7HG,"£60,000"," £111,000 "," £130,000",72%
https://www.iamsold.co.uk/properties/13cf78d71dd94112b651e1a10b56eae2.html,No information available for time.,"£27,000.00","Langley Avenue, Stockton-on-tees",TS17 7HG,"£53,000"," £111,000 "," £131,000",72%
https://www.iamsold.co.uk/properties/13cf78d71dd94112b651e1a10b56eae2.html,No information available for time.,"£27,000.00","Langley Avenue, Stockton-on-tees",TS17 7HG,"£60,000"," £98,000 "," £113,000",83%
https://www.iamsold.co.uk/properties/13cf78d71dd94112b651e1a10b56eae2.html,No information available for time.,"£27,000.00","Langley Avenue, Stockton-on-tees",TS17 7HG,"£39,000"," £85,000 "," £104,000",65%
https://www.iamsold.co.uk/properties/13cf78d71dd94112b651e1a10b56eae2.html,No information available for time.,"£27,000.00","Langley Avenue, Stockton-on-tees",TS17 7HG,"£62,000"," £76,000 "," £80,000",99%
https://www.iamsold.co.uk/properties/13cf78d71dd94112b651e1a10b56eae2.html,No information available for time.,"£27,000.00","Langley Avenue, Stockton-on-tees",TS17 7HG,"£65,000"," £188,000 "," £202,000",87%
https://www.iamsold.co.uk/properties/13cf78d71dd94112b651e1a10b56eae2.html,No information available for time.,"£27,000.00","Langley Avenue, Stockton-on-tees",TS17 7HG,"£54,000"," £121,000 "," £135,000",74%
https://www.iamsold.co.uk/properties/13cf78d71dd94112b651e1a10b56eae2.html,No information available for time.,"£27,000.00","Langley Avenue, Stockton-on-tees",TS17 7HG,"£51,000"," £146,000 "," £170,000",46%
https://www.iamsold.co.uk/properties/13cf78d71dd94112b651e1a10b56eae2.html,No information available for time.,"£27,000.00","Langley Avenue, Stockton-on-tees",TS17 7HG,Not known," £96,000 "," £108,000",53%
https://www.iamsold.co.uk/properties/13cf78d71dd94112b651e1a10b56eae2.html,No information available for time.,"£27,000.00","Langley Avenue, Stockton-on-tees",TS17 7HG,"£41,000"," £47,000 "," £54,000",66%
https://www.iamsold.co.uk/properties/13cf78d71dd94112b651e1a10b56eae2.html,No information available for time.,"£27,000.00","Langley Avenue, Stockton-on-tees",TS17 7HG,"£61,000"," £83,000 "," £96,000",63%
https://www.iamsold.co.uk/properties/13cf78d71dd94112b651e1a10b56eae2.html,No information available for time.,"£27,000.00","Langley Avenue, Stockton-on-tees",TS17 7HG,"£65,000"," £46,000 "," £48,000",89%
https://www.iamsold.co.uk/properties/13cf78d71dd94112b651e1a10b56eae2.html,No information available for time.,"£27,000.00","Langley Avenue, Stockton-on-tees",TS17 7HG,"£60,000"," £87,000 "," £106,000",55%
https://www.iamsold.co.uk/properties/13cf78d71dd94112b651e1a10b56eae2.html,No information available for time.,"£27,000.00","Langley Avenue, Stockton-on-tees",TS17 7HG,Not known," £107,000 "," £121,000",52%
https://www.iamsold.co.uk/properties/13cf78d71dd94112b651e1a10b56eae2.html,No information available for time.,"£27,000.00","Langley Avenue, Stockton-on-tees",TS17 7HG,"£61,000"," £265,000 "," £349,000",63%
https://www.iamsold.co.uk/properties/13cf78d71dd94112b651e1a10b56eae2.html,No information available for time.,"£27,000.00","Langley Avenue, Stockton-on-tees",TS17 7HG,"£39,000"," £90,000 "," £113,000",38%
https://www.iamsold.co.uk/properties/13cf78d71dd94112b651e1a10b56eae2.html,No information available for time.,"£27,000.00","Langley Avenue, Stockton-on-tees",TS17 7HG,"£61,000"," £130,000 "," £148,000",67%
https://www.iamsold.co.uk/properties/13cf78d71dd94112b651e1a10b56eae2.html,No information available for time.,"£27,000.00","Langley Avenue, Stockton-on-tees",TS17 7HG,"£36,000"," £145,000 "," £168,000",47%
https://www.iamsold.co.uk/properties/13cf78d71dd94112b651e1a10b56eae2.html,No information available for time.,"£27,000.00","Langley Avenue, Stockton-on-tees",TS17 7HG,"£53,000"," £194,000 "," £220,000",71%
https://www.iamsold.co.uk/properties/13cf78d71dd94112b651e1a10b56eae2.html,No information available for time.,"£27,000.00","Langley Avenue, Stockton-on-tees",TS17 7HG,"£52,000"," £267,000 "," £317,000",76%
https://www.iamsold.co.uk/properties/13cf78d71dd94112b651e1a10b56eae2.html,No information available for time.,"£27,000.00","Langley Avenue, Stockton-on-tees",TS17 7HG,"£56,000"," £83,000 "," £96,000",63%
https://www.iamsold.co.uk/properties/13cf78d71dd94112b651e1a10b56eae2.html,No information available for time.,"£27,000.00","Langley Avenue, Stockton-on-tees",TS17 7HG,"£67,000",None,None,None
https://www.iamsold.co.uk/properties/13cf78d71dd94112b651e1a10b56eae2.html,No information available for time.,"£27,000.00","Langley Avenue, Stockton-on-tees",TS17 7HG,"£60,000"," £152,000 "," £186,000",72%
https://www.iamsold.co.uk/properties/13cf78d71dd94112b651e1a10b56eae2.html,No information available for time.,"£27,000.00","Langley Avenue, Stockton-on-tees",TS17 7HG,"£100,000"," £87,000 "," £99,000",50%
https://www.iamsold.co.uk/properties/1c08633009e0471ba91c31f9a8c74751.html,No information available for time.,"£60,000.00","Cardigan Road, Sunderland",SR5 3TL,"£78,000",None,None,None
https://www.iamsold.co.uk/properties/1c08633009e0471ba91c31f9a8c74751.html,No information available for time.,"£60,000.00","Cardigan Road, Sunderland",SR5 3TL,"£86,000"," £77,000 "," £83,000",97%
https://www.iamsold.co.uk/properties/1c08633009e0471ba91c31f9a8c74751.html,No information available for time.,"£60,000.00","Cardigan Road, Sunderland",SR5 3TL,"£75,000",None,None,None
https://www.iamsold.co.uk/properties/1c08633009e0471ba91c31f9a8c74751.html,No information available for time.,"£60,000.00","Cardigan Road, Sunderland",SR5 3TL,"£75,000"," £71,000 "," £79,000",90%
https://www.iamsold.co.uk/properties/1c08633009e0471ba91c31f9a8c74751.html,No information available for time.,"£60,000.00","Cardigan Road, Sunderland",SR5 3TL,"£77,000",None,None,None
https://www.iamsold.co.uk/properties/1c08633009e0471ba91c31f9a8c74751.html,No information available for time.,"£60,000.00","Cardigan Road, Sunderland",SR5 3TL,"£75,000"," £104,000 "," £120,000",75%
https://www.iamsold.co.uk/properties/1c08633009e0471ba91c31f9a8c74751.html,No information available for time.,"£60,000.00","Cardigan Road, Sunderland",SR5 3TL,"£78,000"," £115,000 "," £133,000",74%
https://www.iamsold.co.uk/properties/1c08633009e0471ba91c31f9a8c74751.html,No information available for time.,"£60,000.00","Cardigan Road, Sunderland",SR5 3TL,"£80,000"," £83,000 "," £103,000",64%
https://www.iamsold.co.uk/properties/1c08633009e0471ba91c31f9a8c74751.html,No information available for time.,"£60,000.00","Cardigan Road, Sunderland",SR5 3TL,"£79,000"," £116,000 "," £135,000",74%
https://www.iamsold.co.uk/properties/1c08633009e0471ba91c31f9a8c74751.html,No information available for time.,"£60,000.00","Cardigan Road, Sunderland",SR5 3TL,"£75,000"," £84,000 "," £103,000",65%
https://www.iamsold.co.uk/properties/1c08633009e0471ba91c31f9a8c74751.html,No information available for time.,"£60,000.00","Cardigan Road, Sunderland",SR5 3TL,"£77,000"," £94,000 "," £119,000",60%
https://www.iamsold.co.uk/properties/1c08633009e0471ba91c31f9a8c74751.html,No information available for time.,"£60,000.00","Cardigan Road, Sunderland",SR5 3TL,"£80,000"," £119,000 "," £130,000",93%
https://www.iamsold.co.uk/properties/1c08633009e0471ba91c31f9a8c74751.html,No information available for time.,"£60,000.00","Cardigan Road, Sunderland",SR5 3TL,"£75,000"," £96,000 "," £120,000",62%
https://www.iamsold.co.uk/properties/1c08633009e0471ba91c31f9a8c74751.html,No information available for time.,"£60,000.00","Cardigan Road, Sunderland",SR5 3TL,"£74,000"," £95,000 "," £119,000",63%
https://www.iamsold.co.uk/properties/1c08633009e0471ba91c31f9a8c74751.html,No information available for time.,"£60,000.00","Cardigan Road, Sunderland",SR5 3TL,"£76,000"," £116,000 "," £135,000",74%
https://www.iamsold.co.uk/properties/1c08633009e0471ba91c31f9a8c74751.html,No information available for time.,"£60,000.00","Cardigan Road, Sunderland",SR5 3TL,"£67,000"," £85,000 "," £106,000",63%
https://www.iamsold.co.uk/properties/1c08633009e0471ba91c31f9a8c74751.html,No information available for time.,"£60,000.00","Cardigan Road, Sunderland",SR5 3TL,"£75,000"," £111,000 "," £130,000",72%
https://www.iamsold.co.uk/properties/1c08633009e0471ba91c31f9a8c74751.html,No information available for time.,"£60,000.00","Cardigan Road, Sunderland",SR5 3TL,"£51,000"," £111,000 "," £131,000",72%
https://www.iamsold.co.uk/properties/1c08633009e0471ba91c31f9a8c74751.html,No information available for time.,"£60,000.00","Cardigan Road, Sunderland",SR5 3TL,"£76,000"," £98,000 "," £113,000",83%
https://www.iamsold.co.uk/properties/1c08633009e0471ba91c31f9a8c74751.html,No information available for time.,"£60,000.00","Cardigan Road, Sunderland",SR5 3TL,"£76,000"," £85,000 "," £104,000",65%
https://www.iamsold.co.uk/properties/1c08633009e0471ba91c31f9a8c74751.html,No information available for time.,"£60,000.00","Cardigan Road, Sunderland",SR5 3TL,"£86,000"," £76,000 "," £80,000",99%
https://www.iamsold.co.uk/properties/1c08633009e0471ba91c31f9a8c74751.html,No information available for time.,"£60,000.00","Cardigan Road, Sunderland",SR5 3TL,Not known," £188,000 "," £202,000",87%
https://www.iamsold.co.uk/properties/1c08633009e0471ba91c31f9a8c74751.html,No information available for time.,"£60,000.00","Cardigan Road, Sunderland",SR5 3TL,"£72,000"," £121,000 "," £135,000",74%
https://www.iamsold.co.uk/properties/1c08633009e0471ba91c31f9a8c74751.html,No information available for time.,"£60,000.00","Cardigan Road, Sunderland",SR5 3TL,"£80,000"," £146,000 "," £170,000",46%
https://www.iamsold.co.uk/properties/1c08633009e0471ba91c31f9a8c74751.html,No information available for time.,"£60,000.00","Cardigan Road, Sunderland",SR5 3TL,"£78,000"," £96,000 "," £108,000",53%
https://www.iamsold.co.uk/properties/1c08633009e0471ba91c31f9a8c74751.html,No information available for time.,"£60,000.00","Cardigan Road, Sunderland",SR5 3TL,"£77,000"," £47,000 "," £54,000",66%
https://www.iamsold.co.uk/properties/1c08633009e0471ba91c31f9a8c74751.html,No information available for time.,"£60,000.00","Cardigan Road, Sunderland",SR5 3TL,"£77,000"," £83,000 "," £96,000",63%
https://www.iamsold.co.uk/properties/1c08633009e0471ba91c31f9a8c74751.html,No information available for time.,"£60,000.00","Cardigan Road, Sunderland",SR5 3TL,"£78,000"," £46,000 "," £48,000",89%
https://www.iamsold.co.uk/properties/1c08633009e0471ba91c31f9a8c74751.html,No information available for time.,"£60,000.00","Cardigan Road, Sunderland",SR5 3TL,"£97,000"," £87,000 "," £106,000",55%
https://www.iamsold.co.uk/properties/1c08633009e0471ba91c31f9a8c74751.html,No information available for time.,"£60,000.00","Cardigan Road, Sunderland",SR5 3TL,"£81,000"," £107,000 "," £121,000",52%
https://www.iamsold.co.uk/properties/1c08633009e0471ba91c31f9a8c74751.html,No information available for time.,"£60,000.00","Cardigan Road, Sunderland",SR5 3TL,"£88,000"," £265,000 "," £349,000",63%
https://www.iamsold.co.uk/properties/1c08633009e0471ba91c31f9a8c74751.html,No information available for time.,"£60,000.00","Cardigan Road, Sunderland",SR5 3TL,"£87,000"," £90,000 "," £113,000",38%
https://www.iamsold.co.uk/properties/1c08633009e0471ba91c31f9a8c74751.html,No information available for time.,"£60,000.00","Cardigan Road, Sunderland",SR5 3TL,"£76,000"," £130,000 "," £148,000",67%
https://www.iamsold.co.uk/properties/1c08633009e0471ba91c31f9a8c74751.html,No information available for time.,"£60,000.00","Cardigan Road, Sunderland",SR5 3TL,"£77,000"," £145,000 "," £168,000",47%
https://www.iamsold.co.uk/properties/1c08633009e0471ba91c31f9a8c74751.html,No information available for time.,"£60,000.00","Cardigan Road, Sunderland",SR5 3TL,"£77,000"," £194,000 "," £220,000",71%
https://www.iamsold.co.uk/properties/1c08633009e0471ba91c31f9a8c74751.html,No information available for time.,"£60,000.00","Cardigan Road, Sunderland",SR5 3TL,"£79,000"," £267,000 "," £317,000",76%
https://www.iamsold.co.uk/properties/22ed61f58fb34df8abc08a0243b1de8b.html,No information available for time.,"£18,000.00","Ilchester Street, Seaham",SR7 7LW,"£61,000",None,None,None
https://www.iamsold.co.uk/properties/22ed61f58fb34df8abc08a0243b1de8b.html,No information available for time.,"£18,000.00","Ilchester Street, Seaham",SR7 7LW,Not known," £77,000 "," £83,000",97%
https://www.iamsold.co.uk/properties/22ed61f58fb34df8abc08a0243b1de8b.html,No information available for time.,"£18,000.00","Ilchester Street, Seaham",SR7 7LW,"£50,000",None,None,None
https://www.iamsold.co.uk/properties/22ed61f58fb34df8abc08a0243b1de8b.html,No information available for time.,"£18,000.00","Ilchester Street, Seaham",SR7 7LW,"£60,000"," £71,000 "," £79,000",90%
https://www.iamsold.co.uk/properties/22ed61f58fb34df8abc08a0243b1de8b.html,No information available for time.,"£18,000.00","Ilchester Street, Seaham",SR7 7LW,"£59,000",None,None,None
https://www.iamsold.co.uk/properties/22ed61f58fb34df8abc08a0243b1de8b.html,No information available for time.,"£18,000.00","Ilchester Street, Seaham",SR7 7LW,"£45,000"," £104,000 "," £120,000",75%
https://www.iamsold.co.uk/properties/22ed61f58fb34df8abc08a0243b1de8b.html,No information available for time.,"£18,000.00","Ilchester Street, Seaham",SR7 7LW,"£59,000"," £115,000 "," £133,000",74%
https://www.iamsold.co.uk/properties/22ed61f58fb34df8abc08a0243b1de8b.html,No information available for time.,"£18,000.00","Ilchester Street, Seaham",SR7 7LW,"£63,000"," £83,000 "," £103,000",64%
https://www.iamsold.co.uk/properties/22ed61f58fb34df8abc08a0243b1de8b.html,No information available for time.,"£18,000.00","Ilchester Street, Seaham",SR7 7LW,Not known," £116,000 "," £135,000",74%
https://www.iamsold.co.uk/properties/22ed61f58fb34df8abc08a0243b1de8b.html,No information available for time.,"£18,000.00","Ilchester Street, Seaham",SR7 7LW,"£62,000"," £84,000 "," £103,000",65%
https://www.iamsold.co.uk/properties/22ed61f58fb34df8abc08a0243b1de8b.html,No information available for time.,"£18,000.00","Ilchester Street, Seaham",SR7 7LW,"£62,000"," £94,000 "," £119,000",60%
https://www.iamsold.co.uk/properties/22ed61f58fb34df8abc08a0243b1de8b.html,No information available for time.,"£18,000.00","Ilchester Street, Seaham",SR7 7LW,"£63,000"," £119,000 "," £130,000",93%
https://www.iamsold.co.uk/properties/22ed61f58fb34df8abc08a0243b1de8b.html,No information available for time.,"£18,000.00","Ilchester Street, Seaham",SR7 7LW,Not known," £96,000 "," £120,000",62%
https://www.iamsold.co.uk/properties/22ed61f58fb34df8abc08a0243b1de8b.html,No information available for time.,"£18,000.00","Ilchester Street, Seaham",SR7 7LW,Not known," £95,000 "," £119,000",63%
https://www.iamsold.co.uk/properties/22ed61f58fb34df8abc08a0243b1de8b.html,No information available for time.,"£18,000.00","Ilchester Street, Seaham",SR7 7LW,"£62,000"," £116,000 "," £135,000",74%
https://www.iamsold.co.uk/properties/22ed61f58fb34df8abc08a0243b1de8b.html,No information available for time.,"£18,000.00","Ilchester Street, Seaham",SR7 7LW,"£61,000"," £85,000 "," £106,000",63%
https://www.iamsold.co.uk/properties/22ed61f58fb34df8abc08a0243b1de8b.html,No information available for time.,"£18,000.00","Ilchester Street, Seaham",SR7 7LW,"£61,000"," £111,000 "," £130,000",72%
https://www.iamsold.co.uk/properties/22ed61f58fb34df8abc08a0243b1de8b.html,No information available for time.,"£18,000.00","Ilchester Street, Seaham",SR7 7LW,Not known," £111,000 "," £131,000",72%
https://www.iamsold.co.uk/properties/22ed61f58fb34df8abc08a0243b1de8b.html,No information available for time.,"£18,000.00","Ilchester Street, Seaham",SR7 7LW,"£40,000"," £98,000 "," £113,000",83%
https://www.iamsold.co.uk/properties/22ed61f58fb34df8abc08a0243b1de8b.html,No information available for time.,"£18,000.00","Ilchester Street, Seaham",SR7 7LW,"£34,000"," £85,000 "," £104,000",65%
https://www.iamsold.co.uk/properties/22ed61f58fb34df8abc08a0243b1de8b.html,No information available for time.,"£18,000.00","Ilchester Street, Seaham",SR7 7LW,"£50,000"," £76,000 "," £80,000",99%
https://www.iamsold.co.uk/properties/22ed61f58fb34df8abc08a0243b1de8b.html,No information available for time.,"£18,000.00","Ilchester Street, Seaham",SR7 7LW,"£32,000"," £188,000 "," £202,000",87%
https://www.iamsold.co.uk/properties/22ed61f58fb34df8abc08a0243b1de8b.html,No information available for time.,"£18,000.00","Ilchester Street, Seaham",SR7 7LW,"£32,000"," £121,000 "," £135,000",74%
https://www.iamsold.co.uk/properties/22ed61f58fb34df8abc08a0243b1de8b.html,No information available for time.,"£18,000.00","Ilchester Street, Seaham",SR7 7LW,Not known," £146,000 "," £170,000",46%
https://www.iamsold.co.uk/properties/22ed61f58fb34df8abc08a0243b1de8b.html,No information available for time.,"£18,000.00","Ilchester Street, Seaham",SR7 7LW,Not known," £96,000 "," £108,000",53%
https://www.iamsold.co.uk/properties/22ed61f58fb34df8abc08a0243b1de8b.html,No information available for time.,"£18,000.00","Ilchester Street, Seaham",SR7 7LW,"£50,000"," £47,000 "," £54,000",66%
https://www.iamsold.co.uk/properties/22ed61f58fb34df8abc08a0243b1de8b.html,No information available for time.,"£18,000.00","Ilchester Street, Seaham",SR7 7LW,"£51,000"," £83,000 "," £96,000",63%
https://www.iamsold.co.uk/properties/22ed61f58fb34df8abc08a0243b1de8b.html,No information available for time.,"£18,000.00","Ilchester Street, Seaham",SR7 7LW,Not known," £46,000 "," £48,000",89%
https://www.iamsold.co.uk/properties/22ed61f58fb34df8abc08a0243b1de8b.html,No information available for time.,"£18,000.00","Ilchester Street, Seaham",SR7 7LW,"£37,000"," £87,000 "," £106,000",55%
https://www.iamsold.co.uk/properties/22ed61f58fb34df8abc08a0243b1de8b.html,No information available for time.,"£18,000.00","Ilchester Street, Seaham",SR7 7LW,"£46,000"," £107,000 "," £121,000",52%
https://www.iamsold.co.uk/properties/22ed61f58fb34df8abc08a0243b1de8b.html,No information available for time.,"£18,000.00","Ilchester Street, Seaham",SR7 7LW,"£38,000"," £265,000 "," £349,000",63%
https://www.iamsold.co.uk/properties/22ed61f58fb34df8abc08a0243b1de8b.html,No information available for time.,"£18,000.00","Ilchester Street, Seaham",SR7 7LW,"£59,000"," £90,000 "," £113,000",38%
https://www.iamsold.co.uk/properties/22ed61f58fb34df8abc08a0243b1de8b.html,No information available for time.,"£18,000.00","Ilchester Street, Seaham",SR7 7LW,"£40,000"," £130,000 "," £148,000",67%
https://www.iamsold.co.uk/properties/22ed61f58fb34df8abc08a0243b1de8b.html,No information available for time.,"£18,000.00","Ilchester Street, Seaham",SR7 7LW,"£41,000"," £145,000 "," £168,000",47%
https://www.iamsold.co.uk/properties/22ed61f58fb34df8abc08a0243b1de8b.html,No information available for time.,"£18,000.00","Ilchester Street, Seaham",SR7 7LW,Not known," £194,000 "," £220,000",71%
https://www.iamsold.co.uk/properties/22ed61f58fb34df8abc08a0243b1de8b.html,No information available for time.,"£18,000.00","Ilchester Street, Seaham",SR7 7LW,"£78,000"," £267,000 "," £317,000",76%
https://www.iamsold.co.uk/properties/22ed61f58fb34df8abc08a0243b1de8b.html,No information available for time.,"£18,000.00","Ilchester Street, Seaham",SR7 7LW,Not known," £83,000 "," £96,000",63%
https://www.iamsold.co.uk/properties/22ed61f58fb34df8abc08a0243b1de8b.html,No information available for time.,"£18,000.00","Ilchester Street, Seaham",SR7 7LW,"£58,000",None,None,None
https://www.iamsold.co.uk/properties/22ed61f58fb34df8abc08a0243b1de8b.html,No information available for time.,"£18,000.00","Ilchester Street, Seaham",SR7 7LW,"£41,000"," £152,000 "," £186,000",72%
https://www.iamsold.co.uk/properties/22ed61f58fb34df8abc08a0243b1de8b.html,No information available for time.,"£18,000.00","Ilchester Street, Seaham",SR7 7LW,"£32,000"," £87,000 "," £99,000",50%
https://www.iamsold.co.uk/properties/2964181bac454cb680abc2502bed8347.html,No information available for time.,"£60,000.00","Whinway, Washington",NE37 1AU,"£130,000",None,None,None
https://www.iamsold.co.uk/properties/2964181bac454cb680abc2502bed8347.html,No information available for time.,"£60,000.00","Whinway, Washington",NE37 1AU,"£126,000"," £77,000 "," £83,000",97%
https://www.iamsold.co.uk/properties/2964181bac454cb680abc2502bed8347.html,No information available for time.,"£60,000.00","Whinway, Washington",NE37 1AU,Not known,None,None,None
https://www.iamsold.co.uk/properties/2964181bac454cb680abc2502bed8347.html,No information available for time.,"£60,000.00","Whinway, Washington",NE37 1AU,"£156,000"," £71,000 "," £79,000",90%
https://www.iamsold.co.uk/properties/2964181bac454cb680abc2502bed8347.html,No information available for time.,"£60,000.00","Whinway, Washington",NE37 1AU,"£132,000",None,None,None
https://www.iamsold.co.uk/properties/2964181bac454cb680abc2502bed8347.html,No information available for time.,"£60,000.00","Whinway, Washington",NE37 1AU,"£120,000"," £104,000 "," £120,000",75%
https://www.iamsold.co.uk/properties/2964181bac454cb680abc2502bed8347.html,No information available for time.,"£60,000.00","Whinway, Washington",NE37 1AU,"£119,000"," £115,000 "," £133,000",74%
https://www.iamsold.co.uk/properties/2964181bac454cb680abc2502bed8347.html,No information available for time.,"£60,000.00","Whinway, Washington",NE37 1AU,"£119,000"," £83,000 "," £103,000",64%
https://www.iamsold.co.uk/properties/2964181bac454cb680abc2502bed8347.html,No information available for time.,"£60,000.00","Whinway, Washington",NE37 1AU,Not known," £116,000 "," £135,000",74%
https://www.iamsold.co.uk/properties/2964181bac454cb680abc2502bed8347.html,No information available for time.,"£60,000.00","Whinway, Washington",NE37 1AU,"£147,000"," £84,000 "," £103,000",65%
https://www.iamsold.co.uk/properties/2964181bac454cb680abc2502bed8347.html,No information available for time.,"£60,000.00","Whinway, Washington",NE37 1AU,"£130,000"," £94,000 "," £119,000",60%
https://www.iamsold.co.uk/properties/2964181bac454cb680abc2502bed8347.html,No information available for time.,"£60,000.00","Whinway, Washington",NE37 1AU,"£141,000"," £119,000 "," £130,000",93%
https://www.iamsold.co.uk/properties/2964181bac454cb680abc2502bed8347.html,No information available for time.,"£60,000.00","Whinway, Washington",NE37 1AU,"£140,000"," £96,000 "," £120,000",62%
https://www.iamsold.co.uk/properties/2964181bac454cb680abc2502bed8347.html,No information available for time.,"£60,000.00","Whinway, Washington",NE37 1AU,"£142,000"," £95,000 "," £119,000",63%
https://www.iamsold.co.uk/properties/2964181bac454cb680abc2502bed8347.html,No information available for time.,"£60,000.00","Whinway, Washington",NE37 1AU,"£132,000"," £116,000 "," £135,000",74%
https://www.iamsold.co.uk/properties/2964181bac454cb680abc2502bed8347.html,No information available for time.,"£60,000.00","Whinway, Washington",NE37 1AU,"£116,000"," £85,000 "," £106,000",63%
https://www.iamsold.co.uk/properties/2964181bac454cb680abc2502bed8347.html,No information available for time.,"£60,000.00","Whinway, Washington",NE37 1AU,"£128,000"," £111,000 "," £130,000",72%
https://www.iamsold.co.uk/properties/2964181bac454cb680abc2502bed8347.html,No information available for time.,"£60,000.00","Whinway, Washington",NE37 1AU,"£121,000"," £111,000 "," £131,000",72%
https://www.iamsold.co.uk/properties/2964181bac454cb680abc2502bed8347.html,No information available for time.,"£60,000.00","Whinway, Washington",NE37 1AU,"£122,000"," £98,000 "," £113,000",83%
https://www.iamsold.co.uk/properties/2964181bac454cb680abc2502bed8347.html,No information available for time.,"£60,000.00","Whinway, Washington",NE37 1AU,"£121,000"," £85,000 "," £104,000",65%
https://www.iamsold.co.uk/properties/2964181bac454cb680abc2502bed8347.html,No information available for time.,"£60,000.00","Whinway, Washington",NE37 1AU,"£123,000"," £76,000 "," £80,000",99%
https://www.iamsold.co.uk/properties/2964181bac454cb680abc2502bed8347.html,No information available for time.,"£60,000.00","Whinway, Washington",NE37 1AU,"£122,000"," £188,000 "," £202,000",87%
https://www.iamsold.co.uk/properties/2964181bac454cb680abc2502bed8347.html,No information available for time.,"£60,000.00","Whinway, Washington",NE37 1AU,"£133,000"," £121,000 "," £135,000",74%
https://www.iamsold.co.uk/properties/2fe9b22c266c4eb9b1006db3629a8d5b.html,No information available for time.,"£260,000.00","Donald Street, Newcastle Upon Tyne",NE3 1QA,"£250,000",None,None,None
https://www.iamsold.co.uk/properties/2fe9b22c266c4eb9b1006db3629a8d5b.html,No information available for time.,"£260,000.00","Donald Street, Newcastle Upon Tyne",NE3 1QA,"£129,000"," £77,000 "," £83,000",97%
https://www.iamsold.co.uk/properties/33a2540151774b7bab99b6b918068282.html,No information available for time.,"£35,000.00","Goschen Street, Blyth",NE24 1NJ,"£51,000",None,None,None
https://www.iamsold.co.uk/properties/33a2540151774b7bab99b6b918068282.html,No information available for time.,"£35,000.00","Goschen Street, Blyth",NE24 1NJ,"£60,000"," £77,000 "," £83,000",97%
https://www.iamsold.co.uk/properties/33a2540151774b7bab99b6b918068282.html,No information available for time.,"£35,000.00","Goschen Street, Blyth",NE24 1NJ,"£52,000",None,None,None
https://www.iamsold.co.uk/properties/33a2540151774b7bab99b6b918068282.html,No information available for time.,"£35,000.00","Goschen Street, Blyth",NE24 1NJ,Not known," £71,000 "," £79,000",90%
https://www.iamsold.co.uk/properties/33a2540151774b7bab99b6b918068282.html,No information available for time.,"£35,000.00","Goschen Street, Blyth",NE24 1NJ,"£74,000",None,None,None
https://www.iamsold.co.uk/properties/33a2540151774b7bab99b6b918068282.html,No information available for time.,"£35,000.00","Goschen Street, Blyth",NE24 1NJ,"£62,000"," £104,000 "," £120,000",75%
https://www.iamsold.co.uk/properties/33a2540151774b7bab99b6b918068282.html,No information available for time.,"£35,000.00","Goschen Street, Blyth",NE24 1NJ,"£54,000"," £115,000 "," £133,000",74%
https://www.iamsold.co.uk/properties/33a2540151774b7bab99b6b918068282.html,No information available for time.,"£35,000.00","Goschen Street, Blyth",NE24 1NJ,"£52,000"," £83,000 "," £103,000",64%
https://www.iamsold.co.uk/properties/33a2540151774b7bab99b6b918068282.html,No information available for time.,"£35,000.00","Goschen Street, Blyth",NE24 1NJ,"£54,000"," £116,000 "," £135,000",74%
https://www.iamsold.co.uk/properties/33a2540151774b7bab99b6b918068282.html,No information available for time.,"£35,000.00","Goschen Street, Blyth",NE24 1NJ,Not known," £84,000 "," £103,000",65%
https://www.iamsold.co.uk/properties/33a2540151774b7bab99b6b918068282.html,No information available for time.,"£35,000.00","Goschen Street, Blyth",NE24 1NJ,"£68,000"," £94,000 "," £119,000",60%
https://www.iamsold.co.uk/properties/33a2540151774b7bab99b6b918068282.html,No information available for time.,"£35,000.00","Goschen Street, Blyth",NE24 1NJ,"£58,000"," £119,000 "," £130,000",93%
https://www.iamsold.co.uk/properties/33a2540151774b7bab99b6b918068282.html,No information available for time.,"£35,000.00","Goschen Street, Blyth",NE24 1NJ,"£54,000"," £96,000 "," £120,000",62%
https://www.iamsold.co.uk/properties/33a2540151774b7bab99b6b918068282.html,No information available for time.,"£35,000.00","Goschen Street, Blyth",NE24 1NJ,"£54,000"," £95,000 "," £119,000",63%
https://www.iamsold.co.uk/properties/33a2540151774b7bab99b6b918068282.html,No information available for time.,"£35,000.00","Goschen Street, Blyth",NE24 1NJ,"£33,000"," £116,000 "," £135,000",74%
https://www.iamsold.co.uk/properties/33a2540151774b7bab99b6b918068282.html,No information available for time.,"£35,000.00","Goschen Street, Blyth",NE24 1NJ,Not known," £85,000 "," £106,000",63%
https://www.iamsold.co.uk/properties/33a2540151774b7bab99b6b918068282.html,No information available for time.,"£35,000.00","Goschen Street, Blyth",NE24 1NJ,Not known," £111,000 "," £130,000",72%
https://www.iamsold.co.uk/properties/33a2540151774b7bab99b6b918068282.html,No information available for time.,"£35,000.00","Goschen Street, Blyth",NE24 1NJ,"£54,000"," £111,000 "," £131,000",72%
https://www.iamsold.co.uk/properties/33a2540151774b7bab99b6b918068282.html,No information available for time.,"£35,000.00","Goschen Street, Blyth",NE24 1NJ,"£67,000"," £98,000 "," £113,000",83%
https://www.iamsold.co.uk/properties/33a2540151774b7bab99b6b918068282.html,No information available for time.,"£35,000.00","Goschen Street, Blyth",NE24 1NJ,"£60,000"," £85,000 "," £104,000",65%
https://www.iamsold.co.uk/properties/33a2540151774b7bab99b6b918068282.html,No information available for time.,"£35,000.00","Goschen Street, Blyth",NE24 1NJ,"£62,000"," £76,000 "," £80,000",99%
https://www.iamsold.co.uk/properties/33a2540151774b7bab99b6b918068282.html,No information available for time.,"£35,000.00","Goschen Street, Blyth",NE24 1NJ,"£40,000"," £188,000 "," £202,000",87%
https://www.iamsold.co.uk/properties/33a2540151774b7bab99b6b918068282.html,No information available for time.,"£35,000.00","Goschen Street, Blyth",NE24 1NJ,"£96,000"," £121,000 "," £135,000",74%
https://www.iamsold.co.uk/properties/33a2540151774b7bab99b6b918068282.html,No information available for time.,"£35,000.00","Goschen Street, Blyth",NE24 1NJ,"£52,000"," £146,000 "," £170,000",46%
https://www.iamsold.co.uk/properties/33a2540151774b7bab99b6b918068282.html,No information available for time.,"£35,000.00","Goschen Street, Blyth",NE24 1NJ,"£55,000"," £96,000 "," £108,000",53%
https://www.iamsold.co.uk/properties/33a2540151774b7bab99b6b918068282.html,No information available for time.,"£35,000.00","Goschen Street, Blyth",NE24 1NJ,"£51,000"," £47,000 "," £54,000",66%
https://www.iamsold.co.uk/properties/33a2540151774b7bab99b6b918068282.html,No information available for time.,"£35,000.00","Goschen Street, Blyth",NE24 1NJ,"£68,000"," £83,000 "," £96,000",63%
https://www.iamsold.co.uk/properties/33a2540151774b7bab99b6b918068282.html,No information available for time.,"£35,000.00","Goschen Street, Blyth",NE24 1NJ,"£60,000"," £46,000 "," £48,000",89%
https://www.iamsold.co.uk/properties/33a2540151774b7bab99b6b918068282.html,No information available for time.,"£35,000.00","Goschen Street, Blyth",NE24 1NJ,"£58,000"," £87,000 "," £106,000",55%
https://www.iamsold.co.uk/properties/33a2540151774b7bab99b6b918068282.html,No information available for time.,"£35,000.00","Goschen Street, Blyth",NE24 1NJ,"£49,000"," £107,000 "," £121,000",52%
https://www.iamsold.co.uk/properties/33a2540151774b7bab99b6b918068282.html,No information available for time.,"£35,000.00","Goschen Street, Blyth",NE24 1NJ,"£51,000"," £265,000 "," £349,000",63%
https://www.iamsold.co.uk/properties/33a2540151774b7bab99b6b918068282.html,No information available for time.,"£35,000.00","Goschen Street, Blyth",NE24 1NJ,"£65,000"," £90,000 "," £113,000",38%
https://www.iamsold.co.uk/properties/34913009e5544ced95adbeb07a64a89a.html,No information available for time.,"£1,000,000.00","West Croft Road, Newcastle Upon Tyne",NE12 9JU,Not known,None,None,None
https://www.iamsold.co.uk/properties/34913009e5544ced95adbeb07a64a89a.html,No information available for time.,"£1,000,000.00","West Croft Road, Newcastle Upon Tyne",NE12 9JU,"£280,000"," £77,000 "," £83,000",97%
https://www.iamsold.co.uk/properties/34913009e5544ced95adbeb07a64a89a.html,No information available for time.,"£1,000,000.00","West Croft Road, Newcastle Upon Tyne",NE12 9JU,"£233,000",None,None,None
https://www.iamsold.co.uk/properties/34913009e5544ced95adbeb07a64a89a.html,No information available for time.,"£1,000,000.00","West Croft Road, Newcastle Upon Tyne",NE12 9JU,"£447,000"," £71,000 "," £79,000",90%
https://www.iamsold.co.uk/properties/34913009e5544ced95adbeb07a64a89a.html,No information available for time.,"£1,000,000.00","West Croft Road, Newcastle Upon Tyne",NE12 9JU,Not known,None,None,None
https://www.iamsold.co.uk/properties/34913009e5544ced95adbeb07a64a89a.html,No information available for time.,"£1,000,000.00","West Croft Road, Newcastle Upon Tyne",NE12 9JU,"£422,000"," £104,000 "," £120,000",75%
https://www.iamsold.co.uk/properties/34913009e5544ced95adbeb07a64a89a.html,No information available for time.,"£1,000,000.00","West Croft Road, Newcastle Upon Tyne",NE12 9JU,Not known," £115,000 "," £133,000",74%
https://www.iamsold.co.uk/properties/34913009e5544ced95adbeb07a64a89a.html,No information available for time.,"£1,000,000.00","West Croft Road, Newcastle Upon Tyne",NE12 9JU,Not known," £83,000 "," £103,000",64%
https://www.iamsold.co.uk/properties/3c77cb54a704403884d219ebe4bb198a.html,No information available for time.,"£45,000.00","Staindale Place, Hartlepool",TS25 5JX,"£58,000",None,None,None
https://www.iamsold.co.uk/properties/3c77cb54a704403884d219ebe4bb198a.html,No information available for time.,"£45,000.00","Staindale Place, Hartlepool",TS25 5JX,"£64,000"," £77,000 "," £83,000",97%
https://www.iamsold.co.uk/properties/3c77cb54a704403884d219ebe4bb198a.html,No information available for time.,"£45,000.00","Staindale Place, Hartlepool",TS25 5JX,"£75,000",None,None,None
https://www.iamsold.co.uk/properties/3c77cb54a704403884d219ebe4bb198a.html,No information available for time.,"£45,000.00","Staindale Place, Hartlepool",TS25 5JX,"£89,000"," £71,000 "," £79,000",90%
https://www.iamsold.co.uk/properties/3c77cb54a704403884d219ebe4bb198a.html,No information available for time.,"£45,000.00","Staindale Place, Hartlepool",TS25 5JX,"£62,000",None,None,None
https://www.iamsold.co.uk/properties/3c77cb54a704403884d219ebe4bb198a.html,No information available for time.,"£45,000.00","Staindale Place, Hartlepool",TS25 5JX,"£64,000"," £104,000 "," £120,000",75%
https://www.iamsold.co.uk/properties/3c77cb54a704403884d219ebe4bb198a.html,No information available for time.,"£45,000.00","Staindale Place, Hartlepool",TS25 5JX,"£71,000"," £115,000 "," £133,000",74%
https://www.iamsold.co.uk/properties/3c77cb54a704403884d219ebe4bb198a.html,No information available for time.,"£45,000.00","Staindale Place, Hartlepool",TS25 5JX,"£66,000"," £83,000 "," £103,000",64%
https://www.iamsold.co.uk/properties/3c77cb54a704403884d219ebe4bb198a.html,No information available for time.,"£45,000.00","Staindale Place, Hartlepool",TS25 5JX,"£48,000"," £116,000 "," £135,000",74%
https://www.iamsold.co.uk/properties/3c77cb54a704403884d219ebe4bb198a.html,No information available for time.,"£45,000.00","Staindale Place, Hartlepool",TS25 5JX,"£63,000"," £84,000 "," £103,000",65%
https://www.iamsold.co.uk/properties/3c77cb54a704403884d219ebe4bb198a.html,No information available for time.,"£45,000.00","Staindale Place, Hartlepool",TS25 5JX,"£61,000"," £94,000 "," £119,000",60%
https://www.iamsold.co.uk/properties/3c77cb54a704403884d219ebe4bb198a.html,No information available for time.,"£45,000.00","Staindale Place, Hartlepool",TS25 5JX,"£75,000"," £119,000 "," £130,000",93%
https://www.iamsold.co.uk/properties/3c77cb54a704403884d219ebe4bb198a.html,No information available for time.,"£45,000.00","Staindale Place, Hartlepool",TS25 5JX,"£65,000"," £96,000 "," £120,000",62%
https://www.iamsold.co.uk/properties/3c77cb54a704403884d219ebe4bb198a.html,No information available for time.,"£45,000.00","Staindale Place, Hartlepool",TS25 5JX,"£82,000"," £95,000 "," £119,000",63%
https://www.iamsold.co.uk/properties/3c77cb54a704403884d219ebe4bb198a.html,No information available for time.,"£45,000.00","Staindale Place, Hartlepool",TS25 5JX,"£74,000"," £116,000 "," £135,000",74%
https://www.iamsold.co.uk/properties/3c77cb54a704403884d219ebe4bb198a.html,No information available for time.,"£45,000.00","Staindale Place, Hartlepool",TS25 5JX,"£78,000"," £85,000 "," £106,000",63%
https://www.iamsold.co.uk/properties/3c77cb54a704403884d219ebe4bb198a.html,No information available for time.,"£45,000.00","Staindale Place, Hartlepool",TS25 5JX,"£83,000"," £111,000 "," £130,000",72%
https://www.iamsold.co.uk/properties/3c77cb54a704403884d219ebe4bb198a.html,No information available for time.,"£45,000.00","Staindale Place, Hartlepool",TS25 5JX,"£62,000"," £111,000 "," £131,000",72%
https://www.iamsold.co.uk/properties/3c77cb54a704403884d219ebe4bb198a.html,No information available for time.,"£45,000.00","Staindale Place, Hartlepool",TS25 5JX,"£68,000"," £98,000 "," £113,000",83%
https://www.iamsold.co.uk/properties/3c77cb54a704403884d219ebe4bb198a.html,No information available for time.,"£45,000.00","Staindale Place, Hartlepool",TS25 5JX,"£75,000"," £85,000 "," £104,000",65%
https://www.iamsold.co.uk/properties/3c77cb54a704403884d219ebe4bb198a.html,No information available for time.,"£45,000.00","Staindale Place, Hartlepool",TS25 5JX,"£53,000"," £76,000 "," £80,000",99%
https://www.iamsold.co.uk/properties/3c77cb54a704403884d219ebe4bb198a.html,No information available for time.,"£45,000.00","Staindale Place, Hartlepool",TS25 5JX,"£54,000"," £188,000 "," £202,000",87%
https://www.iamsold.co.uk/properties/3c77cb54a704403884d219ebe4bb198a.html,No information available for time.,"£45,000.00","Staindale Place, Hartlepool",TS25 5JX,"£72,000"," £121,000 "," £135,000",74%
https://www.iamsold.co.uk/properties/3c77cb54a704403884d219ebe4bb198a.html,No information available for time.,"£45,000.00","Staindale Place, Hartlepool",TS25 5JX,"£68,000"," £146,000 "," £170,000",46%
https://www.iamsold.co.uk/properties/3c77cb54a704403884d219ebe4bb198a.html,No information available for time.,"£45,000.00","Staindale Place, Hartlepool",TS25 5JX,"£69,000"," £96,000 "," £108,000",53%
https://www.iamsold.co.uk/properties/3c77cb54a704403884d219ebe4bb198a.html,No information available for time.,"£45,000.00","Staindale Place, Hartlepool",TS25 5JX,"£78,000"," £47,000 "," £54,000",66%
https://www.iamsold.co.uk/properties/3c77cb54a704403884d219ebe4bb198a.html,No information available for time.,"£45,000.00","Staindale Place, Hartlepool",TS25 5JX,"£54,000"," £83,000 "," £96,000",63%
https://www.iamsold.co.uk/properties/3c77cb54a704403884d219ebe4bb198a.html,No information available for time.,"£45,000.00","Staindale Place, Hartlepool",TS25 5JX,Not known," £46,000 "," £48,000",89%
https://www.iamsold.co.uk/properties/3c77cb54a704403884d219ebe4bb198a.html,No information available for time.,"£45,000.00","Staindale Place, Hartlepool",TS25 5JX,Not known," £87,000 "," £106,000",55%
https://www.iamsold.co.uk/properties/484af411a3374751849a5742bb712f92.html,No information available for time.,"£40,000.00","Corporation Road, Darlington",DL3 6AJ,Not known,None,None,None
https://www.iamsold.co.uk/properties/484af411a3374751849a5742bb712f92.html,No information available for time.,"£40,000.00","Corporation Road, Darlington",DL3 6AJ,"£53,000"," £77,000 "," £83,000",97%
https://www.iamsold.co.uk/properties/484af411a3374751849a5742bb712f92.html,No information available for time.,"£40,000.00","Corporation Road, Darlington",DL3 6AJ,"£68,000",None,None,None
https://www.iamsold.co.uk/properties/484af411a3374751849a5742bb712f92.html,No information available for time.,"£40,000.00","Corporation Road, Darlington",DL3 6AJ,"£65,000"," £71,000 "," £79,000",90%
https://www.iamsold.co.uk/properties/484af411a3374751849a5742bb712f92.html,No information available for time.,"£40,000.00","Corporation Road, Darlington",DL3 6AJ,"£120,000",None,None,None
https://www.iamsold.co.uk/properties/484af411a3374751849a5742bb712f92.html,No information available for time.,"£40,000.00","Corporation Road, Darlington",DL3 6AJ,"£118,000"," £104,000 "," £120,000",75%
https://www.iamsold.co.uk/properties/484af411a3374751849a5742bb712f92.html,No information available for time.,"£40,000.00","Corporation Road, Darlington",DL3 6AJ,"£95,000"," £115,000 "," £133,000",74%
https://www.iamsold.co.uk/properties/484af411a3374751849a5742bb712f92.html,No information available for time.,"£40,000.00","Corporation Road, Darlington",DL3 6AJ,"£89,000"," £83,000 "," £103,000",64%
https://www.iamsold.co.uk/properties/484af411a3374751849a5742bb712f92.html,No information available for time.,"£40,000.00","Corporation Road, Darlington",DL3 6AJ,"£103,000"," £116,000 "," £135,000",74%
https://www.iamsold.co.uk/properties/484af411a3374751849a5742bb712f92.html,No information available for time.,"£40,000.00","Corporation Road, Darlington",DL3 6AJ,"£102,000"," £84,000 "," £103,000",65%
https://www.iamsold.co.uk/properties/484af411a3374751849a5742bb712f92.html,No information available for time.,"£40,000.00","Corporation Road, Darlington",DL3 6AJ,"£59,000"," £94,000 "," £119,000",60%
https://www.iamsold.co.uk/properties/484af411a3374751849a5742bb712f92.html,No information available for time.,"£40,000.00","Corporation Road, Darlington",DL3 6AJ,"£81,000"," £119,000 "," £130,000",93%
https://www.iamsold.co.uk/properties/484af411a3374751849a5742bb712f92.html,No information available for time.,"£40,000.00","Corporation Road, Darlington",DL3 6AJ,"£92,000"," £96,000 "," £120,000",62%
https://www.iamsold.co.uk/properties/484af411a3374751849a5742bb712f92.html,No information available for time.,"£40,000.00","Corporation Road, Darlington",DL3 6AJ,"£120,000"," £95,000 "," £119,000",63%
https://www.iamsold.co.uk/properties/484af411a3374751849a5742bb712f92.html,No information available for time.,"£40,000.00","Corporation Road, Darlington",DL3 6AJ,"£87,000"," £116,000 "," £135,000",74%
https://www.iamsold.co.uk/properties/484af411a3374751849a5742bb712f92.html,No information available for time.,"£40,000.00","Corporation Road, Darlington",DL3 6AJ,"£55,000"," £85,000 "," £106,000",63%
https://www.iamsold.co.uk/properties/484af411a3374751849a5742bb712f92.html,No information available for time.,"£40,000.00","Corporation Road, Darlington",DL3 6AJ,"£109,000"," £111,000 "," £130,000",72%
https://www.iamsold.co.uk/properties/484af411a3374751849a5742bb712f92.html,No information available for time.,"£40,000.00","Corporation Road, Darlington",DL3 6AJ,"£106,000"," £111,000 "," £131,000",72%
https://www.iamsold.co.uk/properties/484af411a3374751849a5742bb712f92.html,No information available for time.,"£40,000.00","Corporation Road, Darlington",DL3 6AJ,"£121,000"," £98,000 "," £113,000",83%
https://www.iamsold.co.uk/properties/484af411a3374751849a5742bb712f92.html,No information available for time.,"£40,000.00","Corporation Road, Darlington",DL3 6AJ,"£81,000"," £85,000 "," £104,000",65%
https://www.iamsold.co.uk/properties/484af411a3374751849a5742bb712f92.html,No information available for time.,"£40,000.00","Corporation Road, Darlington",DL3 6AJ,"£79,000"," £76,000 "," £80,000",99%
https://www.iamsold.co.uk/properties/484af411a3374751849a5742bb712f92.html,No information available for time.,"£40,000.00","Corporation Road, Darlington",DL3 6AJ,"£121,000"," £188,000 "," £202,000",87%
https://www.iamsold.co.uk/properties/484af411a3374751849a5742bb712f92.html,No information available for time.,"£40,000.00","Corporation Road, Darlington",DL3 6AJ,"£129,000"," £121,000 "," £135,000",74%
https://www.iamsold.co.uk/properties/484af411a3374751849a5742bb712f92.html,No information available for time.,"£40,000.00","Corporation Road, Darlington",DL3 6AJ,"£74,000"," £146,000 "," £170,000",46%
https://www.iamsold.co.uk/properties/484af411a3374751849a5742bb712f92.html,No information available for time.,"£40,000.00","Corporation Road, Darlington",DL3 6AJ,"£72,000"," £96,000 "," £108,000",53%
https://www.iamsold.co.uk/properties/484af411a3374751849a5742bb712f92.html,No information available for time.,"£40,000.00","Corporation Road, Darlington",DL3 6AJ,"£129,000"," £47,000 "," £54,000",66%
https://www.iamsold.co.uk/properties/484af411a3374751849a5742bb712f92.html,No information available for time.,"£40,000.00","Corporation Road, Darlington",DL3 6AJ,"£65,000"," £83,000 "," £96,000",63%
https://www.iamsold.co.uk/properties/484af411a3374751849a5742bb712f92.html,No information available for time.,"£40,000.00","Corporation Road, Darlington",DL3 6AJ,"£76,000"," £46,000 "," £48,000",89%
